{
    "Time": {
        "min": 0.0,
        "max": 172792.0
    },
    "V1": {
        "min": -56.407509631329,
        "max": 2.45492999121121
    },
    "V2": {
        "min": -72.7157275629303,
        "max": 22.0577289904909
    },
    "V3": {
        "min": -48.3255893623954,
        "max": 9.38255843282114
    },
    "V4": {
        "min": -5.68317119816995,
        "max": 16.8753440335975
    },
    "V5": {
        "min": -113.743306711146,
        "max": 34.8016658766686
    },
    "V6": {
        "min": -26.1605059358433,
        "max": 73.3016255459646
    },
    "V7": {
        "min": -43.5572415712451,
        "max": 120.589493945238
    },
    "V8": {
        "min": -73.2167184552674,
        "max": 20.0072083651213
    },
    "V9": {
        "min": -13.4340663182301,
        "max": 15.5949946071278
    },
    "V10": {
        "min": -24.5882624372475,
        "max": 23.7451361206545
    },
    "V11": {
        "min": -4.79747346479757,
        "max": 12.0189131816199
    },
    "V12": {
        "min": -18.6837146333443,
        "max": 7.8483920756446
    },
    "V13": {
        "min": -5.79188120632084,
        "max": 7.12688295859376
    },
    "V14": {
        "min": -19.2143254902614,
        "max": 10.5267660517847
    },
    "V15": {
        "min": -4.49894467676621,
        "max": 8.87774159774277
    },
    "V16": {
        "min": -14.1298545174931,
        "max": 17.3151115176278
    },
    "V17": {
        "min": -25.1627993693248,
        "max": 9.25352625047285
    },
    "V18": {
        "min": -9.49874592104677,
        "max": 5.04106918541184
    },
    "V19": {
        "min": -7.21352743017759,
        "max": 5.59197142733558
    },
    "V20": {
        "min": -54.497720494566,
        "max": 39.4209042482199
    },
    "V21": {
        "min": -34.8303821448146,
        "max": 27.2028391573154
    },
    "V22": {
        "min": -10.933143697655,
        "max": 10.5030900899454
    },
    "V23": {
        "min": -44.8077352037913,
        "max": 22.5284116897749
    },
    "V24": {
        "min": -2.83662691870341,
        "max": 4.58454913689817
    },
    "V25": {
        "min": -10.2953970749851,
        "max": 7.51958867870916
    },
    "V26": {
        "min": -2.60455055280817,
        "max": 3.5173456116238
    },
    "V27": {
        "min": -22.5656793207827,
        "max": 31.6121981061363
    },
    "V28": {
        "min": -15.4300839055349,
        "max": 33.8478078188831
    },
    "Amount": {
        "min": 0.0,
        "max": 25691.16
    }
}